<?xml version="1.0" encoding="ISO-8859-1"?>
<shop>
<item id="0">0</item>
<item id="1">0</item>
<item id="2">0</item>
<item id="3">0</item>
<item id="4">0</item>
<item id="5">0</item>
<item id="6">0</item>
<item id="7">0</item>

<item id="8">0</item>
<item id="9">0</item>
<item id="10">0</item>
<item id="11">0</item>
<item id="12">0</item>
<item id="13">0</item>
<item id="14">0</item>
<item id="15">0</item>

<item id="16">0</item>
<item id="17">0</item>
<item id="18">0</item>
<item id="19">0</item>
<item id="20">0</item>
<item id="21">0</item>
<item id="22">0</item>
<item id="23">0</item>

<item id="24">0</item>
<item id="25">0</item>
<item id="26">0</item>
<item id="27">0</item>
<item id="28">0</item>
<item id="29">0</item>
<item id="30">0</item>
<item id="31">0</item>

<item id="32">0</item>
<item id="33">0</item>
<item id="34">0</item>
<item id="35">0</item>
<item id="36">0</item>
<item id="37">0</item>
<item id="38">0</item>
<item id="39">0</item>

<item id="40">0</item>
<item id="41">0</item>
<item id="42">0</item>
<item id="43">0</item>
<item id="44">0</item>
<item id="45">0</item>
<item id="46">0</item>
<item id="47">0</item>

<item id="48">0</item>
<item id="49">0</item>
<item id="50">0</item>
<item id="51">0</item>
<item id="52">0</item>
<item id="53">0</item>
<item id="54">0</item>
<item id="55">0</item>

<item id="56">0</item>
<item id="57">0</item>
<item id="58">0</item>
<item id="59">0</item>
<item id="60">0</item>
<item id="61">0</item>
<item id="62">0</item>
<item id="63">0</item>

<item id="64">0</item>
<item id="65">0</item>
<item id="66">0</item>
<item id="67">0</item>
<item id="68">0</item>
<item id="69">0</item>
<item id="70">0</item>
<item id="71">0</item>

<item id="72">0</item>
<item id="73">0</item>
<item id="74">0</item>
<item id="75">0</item>
<item id="76">0</item>
<item id="77">0</item>
<item id="78">0</item>
<item id="79">0</item>

<item id="80">0</item>
<item id="81">0</item>
<item id="82">0</item>
<item id="83">0</item>
<item id="84">0</item>
<item id="85">0</item>
<item id="86">0</item>
<item id="87">0</item>

<item id="88">0</item>
<item id="89">0</item>
<item id="90">0</item>
<item id="91">0</item>
<item id="92">0</item>
<item id="93">0</item>
<item id="94">0</item>
<item id="95">0</item>

<item id="96">0</item>
<item id="97">0</item>
<item id="98">0</item>
<item id="99">0</item>
<item id="100">0</item>
<item id="101">0</item>
<item id="102">0</item>
<item id="103">0</item>

<item id="104">0</item>
<item id="105">0</item>
<item id="106">0</item>
<item id="107">0</item>
<item id="108">0</item>
<item id="109">0</item>
<item id="110">0</item>
<item id="111">0</item>

<item id="112">0</item>
<item id="113">0</item>
<item id="114">0</item>
<item id="115">0</item>
<item id="116">0</item>
<item id="117">0</item>
<item id="118">0</item>
<item id="119">0</item>

<item>devias1</item>
<item>DEVIAS 1</item>
<item>Isabel the Wizard</item>

</shop>