<?xml version="1.0" encoding="ISO-8859-1"?>
<shop>
<item id="0">5.22.0.0013.00.0.1046.0000.04.0.0.00.00.0.040.040.000000.mystery_helm</item>
<item id="1">1</item>
<item id="2">3.22.0.0022.00.0.1059.0000.04.0.0.00.00.0.040.040.000000.mystery_armor</item>
<item id="3">1</item>
<item id="4">4.22.0.0016.00.0.1052.0000.04.0.0.00.00.0.040.040.000000.mystery_pants</item>
<item id="5">1</item>
<item id="6">6.22.0.0009.00.0.1035.0000.04.0.0.00.00.0.040.040.000000.mystery_gloves</item>
<item id="7">1</item>

<item id="8">1</item>
<item id="9">1</item>
<item id="10">1</item>
<item id="11">1</item>
<item id="12">1</item>
<item id="13">1</item>
<item id="14">1</item>
<item id="15">1</item>

<item id="16">7.22.0.0011.00.0.1041.2020.04.0.0.00.00.0.040.040.000000.mystery_boots</item>
<item id="17">1</item>
<item id="18">1.13.3.0018.00.0.1048.2031.04.0.0.00.00.0.050.050.000000.mystery_stick</item>
<item id="19">1.13.3.0025.00.0.1061.2041.04.0.0.00.00.0.060.060.000000.violent_wind_stick</item>
<item id="20">G.12.4.0000.00.0.3150.0000.04.0.0.00.00.0.000.070.000000.drain_life_parchment</item>
<item id="21">G.12.4.0000.00.0.3180.0000.04.0.0.00.00.0.000.071.000000.sleep_parchment</item>
<item id="22">G.12.4.0000.00.0.3175.0000.04.0.0.00.00.0.000.073.000000.damage_reflection_parchment</item>
<item id="23">1.12.5.0023.00.0.2051.3230.04.0.0.00.00.0.050.050.000000.book_of_samut</item>

<item id="24">1</item>
<item id="25">1</item>
<item id="26">1</item>
<item id="27">1</item>
<item id="28">1</item>
<item id="29">1</item>
<item id="30">1</item>
<item id="31">1</item>

<item id="32">0</item>
<item id="33">0</item>
<item id="34">1</item>
<item id="35">1</item>
<item id="36">0</item>
<item id="37">0</item>
<item id="38">0</item>
<item id="39">0</item>

<item id="40">0</item>
<item id="41">0</item>
<item id="42">0</item>
<item id="43">0</item>
<item id="44">0</item>
<item id="45">0</item>
<item id="46">0</item>
<item id="47">0</item>

<item id="48">0</item>
<item id="49">0</item>
<item id="50">0</item>
<item id="51">0</item>
<item id="52">0</item>
<item id="53">0</item>
<item id="54">0</item>
<item id="55">0</item>

<item id="56">0</item>
<item id="57">0</item>
<item id="58">0</item>
<item id="59">0</item>
<item id="60">0</item>
<item id="61">0</item>
<item id="62">0</item>
<item id="63">0</item>

<item id="64">0</item>
<item id="65">0</item>
<item id="66">0</item>
<item id="67">0</item>
<item id="68">0</item>
<item id="69">0</item>
<item id="70">0</item>
<item id="71">0</item>

<item id="72">0</item>
<item id="73">0</item>
<item id="74">0</item>
<item id="75">0</item>
<item id="76">0</item>
<item id="77">0</item>
<item id="78">0</item>
<item id="79">0</item>

<item id="80">0</item>
<item id="81">0</item>
<item id="82">0</item>
<item id="83">0</item>
<item id="84">0</item>
<item id="85">0</item>
<item id="86">0</item>
<item id="87">0</item>

<item id="88">0</item>
<item id="89">0</item>
<item id="90">0</item>
<item id="91">0</item>
<item id="92">0</item>
<item id="93">0</item>
<item id="94">0</item>
<item id="95">0</item>

<item id="96">0</item>
<item id="97">0</item>
<item id="98">0</item>
<item id="99">0</item>
<item id="100">0</item>
<item id="101">0</item>
<item id="102">0</item>
<item id="103">0</item>

<item id="104">0</item>
<item id="105">0</item>
<item id="106">0</item>
<item id="107">0</item>
<item id="108">0</item>
<item id="109">0</item>
<item id="110">0</item>
<item id="111">0</item>

<item id="112">0</item>
<item id="113">0</item>
<item id="114">0</item>
<item id="115">0</item>
<item id="116">0</item>
<item id="117">0</item>
<item id="118">0</item>
<item id="119">0</item>

<item>elbeland1</item>
<item>ELBELAND 1</item>
<item>Leah</item>

</shop>