<?xml version="1.0" encoding="ISO-8859-1"?>

<map>

<!-- monster data -->
<monster name="bahamut">
<level>43</level>
<hp>2400</hp>
<damage>140</damage>
<defense>65</defense>
<damage_rate>215</damage_rate>
<defense_rate>52</defense_rate>
<attribute>water</attribute>
</monster>

<monster name="vepar">
<level>45</level>
<hp>2800</hp>
<damage>145</damage>
<defense>70</defense>
<damage_rate>225</damage_rate>
<defense_rate>58</defense_rate>
<attribute>water</attribute>
</monster>

<monster name="valkyrie">
<level>46</level>
<hp>3200</hp>
<damage>150</damage>
<defense>75</defense>
<damage_rate>230</damage_rate>
<defense_rate>64</defense_rate>
<attribute>water</attribute>
</monster>

<monster name="great_bahamut">
<level>66</level>
<hp>7000</hp>
<damage>230</damage>
<defense>150</defense>
<damage_rate>330</damage_rate>
<defense_rate>98</defense_rate>
<attribute>water</attribute>
</monster>

<monster name="silver_valkyrie">
<level>68</level>
<hp>8000</hp>
<damage>260</damage>
<defense>170</defense>
<damage_rate>340</damage_rate>
<defense_rate>110</defense_rate>
<attribute>ice</attribute>
</monster>

<monster name="lizard_king">
<level>70</level>
<hp>9000</hp>
<damage>270</damage>
<defense>180</defense>
<damage_rate>350</damage_rate>
<defense_rate>115</defense_rate>
<attribute>lighting</attribute>
</monster>

<monster name="hydra">
<level>74</level>
<hp>19000</hp>
<damage>310</damage>
<defense>200</defense>
<damage_rate>430</damage_rate>
<defense_rate>125</defense_rate>
<attribute>lighting</attribute>
</monster>


<!-- golden invasion -->
<monster name="golden_lizard_king">
<level>83</level>
<hp>25000</hp>
<damage>360</damage>
<defense>240</defense>
<damage_rate>415</damage_rate>
<defense_rate>150</defense_rate>
<attribute>lighting</attribute>
</monster>


<!-- npc -->


<!-- spots -->
<spot id="spot61" x="90" y="90">
<encounter>bahamut</encounter>
<encounter>vepar</encounter>
</spot>

<spot id="spot62" x="44" y="412">
<encounter>valkyrie</encounter>
<encounter>vepar</encounter>
</spot>

<spot id="spot63" x="218" y="490">
<encounter>valkyrie</encounter>
<encounter>silver_valkyrie</encounter>
<encounter>great_bahamut</encounter>
</spot>

<spot id="spot64" x="360" y="140">
<encounter>lizard_king</encounter>
<encounter>silver_valkyrie</encounter>
<encounter>great_bahamut</encounter>
</spot>

<spot id="spot65" x="490" y="70">
<encounter>lizard_king</encounter>
<encounter>silver_valkyrie</encounter>
<encounter boss="1">hydra</encounter>
</spot>


</map>

