<?xml version="1.0" encoding="ISO-8859-1"?>

<map>

<!-- monster data -->
<monster name="aegis">
<level>95</level>
<hp>42000</hp>
<damage>550</damage>
<defense>410</defense>
<damage_rate>655</damage_rate>
<defense_rate>230</defense_rate>
<attribute>water</attribute>
</monster>

<monster name="lord_centurion">
<level>98</level>
<hp>48500</hp>
<damage>570</damage>
<defense>432</defense>
<damage_rate>680</damage_rate>
<defense_rate>240</defense_rate>
<attribute>none</attribute>
</monster>

<monster name="bloody_soldier">
<level>101</level>
<hp>56000</hp>
<damage>600</damage>
<defense>460</defense>
<damage_rate>713</damage_rate>
<defense_rate>255</defense_rate>
<attribute>water</attribute>
</monster>

<monster name="death_angel">
<level>105</level>
<hp>65000</hp>
<damage>645</damage>
<defense>500</defense>
<damage_rate>760</damage_rate>
<defense_rate>275</defense_rate>
<attribute>water</attribute>
</monster>

<monster name="necron">
<level>109</level>
<hp>75500</hp>
<damage>707</damage>
<defense>550</defense>
<damage_rate>820</damage_rate>
<defense_rate>303</defense_rate>
<attribute>poison</attribute>
</monster>

<monster name="death_centurion">
<level>114</level>
<hp>87500</hp>
<damage>788</damage>
<defense>620</defense>
<damage_rate>900</damage_rate>
<defense_rate>335</defense_rate>
<attribute>none</attribute>
</monster>

<monster name="schriker">
<level>119</level>
<hp>105000</hp>
<damage>885</damage>
<defense>710</defense>
<damage_rate>1000</damage_rate>
<defense_rate>370</defense_rate>
<attribute>none</attribute>
</monster>

<monster name="illusion_of_kundun">
<level>140</level>
<hp>140000</hp>
<damage>1105</damage>
<defense>892</defense>
<damage_rate>1200</damage_rate>
<defense_rate>450</defense_rate>
<attribute>none</attribute>
</monster>


<!-- npc -->


<!-- spots -->
<spot id="spot14" x="0" y="0">
<encounter>aegis</encounter>
</spot>

<spot id="spot13" x="0" y="0">
<encounter>aegis</encounter>
<encounter>lord_centurion</encounter>
</spot>

<spot id="spot12" x="0" y="0">
<encounter>lord_centurion</encounter>
</spot>

<spot id="spot11" x="0" y="0">
<encounter>bloody_soldier</encounter>
<encounter>lord_centurion</encounter>
</spot>

<spot id="spot10" x="0" y="0">
<encounter>bloody_soldier</encounter>
</spot>

<spot id="spot9" x="0" y="0">
<encounter>bloody_soldier</encounter>
<encounter>death_angel</encounter>
</spot>

<spot id="spot8" x="0" y="0">
<encounter>death_angel</encounter>
</spot>

<spot id="spot7" x="0" y="0">
<encounter>necron</encounter>
<encounter>death_angel</encounter>
</spot>

<spot id="spot6" x="0" y="0">
<encounter>necron</encounter>
</spot>

<spot id="spot5" x="0" y="0">
<encounter>necron</encounter>
<encounter>death_centurion</encounter>
</spot>

<spot id="spot4" x="0" y="0">
<encounter>death_centurion</encounter>
</spot>

<spot id="spot3" x="0" y="0">
<encounter>schriker</encounter>
<encounter>death_centurion</encounter>
</spot>

<spot id="spot2" x="0" y="0">
<encounter>schriker</encounter>
</spot>

<spot id="spot1" x="0" y="0">
<encounter>illusion_of_kundun</encounter>
</spot>


</map>
