<?xml version="1.0" encoding="ISO-8859-1"?>

<map>

<!-- monster data -->
<monster name="aegis">
<level>79</level>
<hp>18000</hp>
<damage>340</damage>
<defense>230</defense>
<damage_rate>460</damage_rate>
<defense_rate>163</defense_rate>
<attribute>water</attribute>
</monster>

<monster name="lord_centurion">
<level>82</level>
<hp>21000</hp>
<damage>365</damage>
<defense>250</defense>
<damage_rate>490</damage_rate>
<defense_rate>168</defense_rate>
<attribute>none</attribute>
</monster>

<monster name="bloody_soldier">
<level>85</level>
<hp>26000</hp>
<damage>395</damage>
<defense>280</defense>
<damage_rate>540</damage_rate>
<defense_rate>177</defense_rate>
<attribute>water</attribute>
</monster>

<monster name="death_angel">
<level>88</level>
<hp>31000</hp>
<damage>443</damage>
<defense>315</defense>
<damage_rate>587</damage_rate>
<defense_rate>195</defense_rate>
<attribute>water</attribute>
</monster>

<monster name="necron">
<level>93</level>
<hp>38500</hp>
<damage>505</damage>
<defense>370</defense>
<damage_rate>645</damage_rate>
<defense_rate>220</defense_rate>
<attribute>poison</attribute>
</monster>

<monster name="death_centurion">
<level>98</level>
<hp>48000</hp>
<damage>581</damage>
<defense>430</defense>
<damage_rate>715</damage_rate>
<defense_rate>250</defense_rate>
<attribute>none</attribute>
</monster>

<monster name="schriker">
<level>105</level>
<hp>60000</hp>
<damage>675</damage>
<defense>515</defense>
<damage_rate>810</damage_rate>
<defense_rate>290</defense_rate>
<attribute>none</attribute>
</monster>

<monster name="illusion_of_kundun">
<level>117</level>
<hp>100000</hp>
<damage>870</damage>
<defense>680</defense>
<damage_rate>1000</damage_rate>
<defense_rate>360</defense_rate>
<attribute>none</attribute>
</monster>


<!-- npc -->


<!-- spots -->
<spot id="spot14" x="0" y="0">
<encounter>aegis</encounter>
</spot>

<spot id="spot13" x="0" y="0">
<encounter>aegis</encounter>
<encounter>lord_centurion</encounter>
</spot>

<spot id="spot12" x="0" y="0">
<encounter>lord_centurion</encounter>
</spot>

<spot id="spot11" x="0" y="0">
<encounter>bloody_soldier</encounter>
<encounter>lord_centurion</encounter>
</spot>

<spot id="spot10" x="0" y="0">
<encounter>bloody_soldier</encounter>
</spot>

<spot id="spot9" x="0" y="0">
<encounter>bloody_soldier</encounter>
<encounter>death_angel</encounter>
</spot>

<spot id="spot8" x="0" y="0">
<encounter>death_angel</encounter>
</spot>

<spot id="spot7" x="0" y="0">
<encounter>necron</encounter>
<encounter>death_angel</encounter>
</spot>

<spot id="spot6" x="0" y="0">
<encounter>necron</encounter>
</spot>

<spot id="spot5" x="0" y="0">
<encounter>necron</encounter>
<encounter>death_centurion</encounter>
</spot>

<spot id="spot4" x="0" y="0">
<encounter>death_centurion</encounter>
</spot>

<spot id="spot3" x="0" y="0">
<encounter>schriker</encounter>
<encounter>death_centurion</encounter>
</spot>

<spot id="spot2" x="0" y="0">
<encounter>schriker</encounter>
</spot>

<spot id="spot1" x="0" y="0">
<encounter>illusion_of_kundun</encounter>
</spot>


</map>
