<?xml version="1.0" encoding="ISO-8859-1"?>

<map>

<!-- monster data -->
<monster name="aegis">
<level>62</level>
<hp>6000</hp>
<damage>232</damage>
<defense>140</defense>
<damage_rate>310</damage_rate>
<defense_rate>87</defense_rate>
<attribute>water</attribute>
</monster>

<monster name="lord_centurion">
<level>66</level>
<hp>6900</hp>
<damage>250</damage>
<defense>150</defense>
<damage_rate>330</damage_rate>
<defense_rate>95</defense_rate>
<attribute>none</attribute>
</monster>

<monster name="bloody_soldier">
<level>70</level>
<hp>8800</hp>
<damage>265</damage>
<defense>165</defense>
<damage_rate>360</damage_rate>
<defense_rate>105</defense_rate>
<attribute>water</attribute>
</monster>

<monster name="death_angel">
<level>74</level>
<hp>12000</hp>
<damage>295</damage>
<defense>185</defense>
<damage_rate>397</damage_rate>
<defense_rate>120</defense_rate>
<attribute>water</attribute>
</monster>

<monster name="necron">
<level>78</level>
<hp>16000</hp>
<damage>330</damage>
<defense>215</defense>
<damage_rate>440</damage_rate>
<defense_rate>145</defense_rate>
<attribute>poison</attribute>
</monster>

<monster name="death_centurion">
<level>83</level>
<hp>22500</hp>
<damage>375</damage>
<defense>225</defense>
<damage_rate>500</damage_rate>
<defense_rate>175</defense_rate>
<attribute>none</attribute>
</monster>

<monster name="schriker">
<level>88</level>
<hp>30000</hp>
<damage>435</damage>
<defense>300</defense>
<damage_rate>575</damage_rate>
<defense_rate>215</defense_rate>
<attribute>none</attribute>
</monster>

<monster name="illusion_of_kundun">
<level>100</level>
<hp>50000</hp>
<damage>625</damage>
<defense>500</defense>
<damage_rate>780</damage_rate>
<defense_rate>295</defense_rate>
<attribute>none</attribute>
</monster>


<!-- npc -->


<!-- spots -->
<spot id="spot14" x="0" y="0">
<encounter>aegis</encounter>
</spot>

<spot id="spot13" x="0" y="0">
<encounter>aegis</encounter>
<encounter>lord_centurion</encounter>
</spot>

<spot id="spot12" x="0" y="0">
<encounter>lord_centurion</encounter>
</spot>

<spot id="spot11" x="0" y="0">
<encounter>bloody_soldier</encounter>
<encounter>lord_centurion</encounter>
</spot>

<spot id="spot10" x="0" y="0">
<encounter>bloody_soldier</encounter>
</spot>

<spot id="spot9" x="0" y="0">
<encounter>bloody_soldier</encounter>
<encounter>death_angel</encounter>
</spot>

<spot id="spot8" x="0" y="0">
<encounter>death_angel</encounter>
</spot>

<spot id="spot7" x="0" y="0">
<encounter>necron</encounter>
<encounter>death_angel</encounter>
</spot>

<spot id="spot6" x="0" y="0">
<encounter>necron</encounter>
</spot>

<spot id="spot5" x="0" y="0">
<encounter>necron</encounter>
<encounter>death_centurion</encounter>
</spot>

<spot id="spot4" x="0" y="0">
<encounter>death_centurion</encounter>
</spot>

<spot id="spot3" x="0" y="0">
<encounter>schriker</encounter>
<encounter>death_centurion</encounter>
</spot>

<spot id="spot2" x="0" y="0">
<encounter>schriker</encounter>
</spot>

<spot id="spot1" x="0" y="0">
<encounter>illusion_of_kundun</encounter>
</spot>


</map>
