<?xml version="1.0" encoding="ISO-8859-1"?>

<map>

<!-- monster data -->
<monster name="aegis">
<level>46</level>
<hp>2700</hp>
<damage>155</damage>
<defense>73</defense>
<damage_rate>220</damage_rate>
<defense_rate>54</defense_rate>
<attribute>water</attribute>
</monster>

<monster name="lord_centurion">
<level>48</level>
<hp>3100</hp>
<damage>162</damage>
<defense>80</defense>
<damage_rate>232</damage_rate>
<defense_rate>56</defense_rate>
<attribute>none</attribute>
</monster>

<monster name="bloody_soldier">
<level>50</level>
<hp>3650</hp>
<damage>170</damage>
<defense>90</defense>
<damage_rate>250</damage_rate>
<defense_rate>60</defense_rate>
<attribute>water</attribute>
</monster>

<monster name="death_angel">
<level>53</level>
<hp>4400</hp>
<damage>185</damage>
<defense>105</defense>
<damage_rate>273</damage_rate>
<defense_rate>67</defense_rate>
<attribute>water</attribute>
</monster>

<monster name="necron">
<level>58</level>
<hp>5300</hp>
<damage>205</damage>
<defense>126</defense>
<damage_rate>296</damage_rate>
<defense_rate>77</defense_rate>
<attribute>poison</attribute>
</monster>

<monster name="death_centurion">
<level>63</level>
<hp>6600</hp>
<damage>235</damage>
<defense>150</defense>
<damage_rate>325</damage_rate>
<defense_rate>92</defense_rate>
<attribute>none</attribute>
</monster>

<monster name="schriker">
<level>69</level>
<hp>8400</hp>
<damage>270</damage>
<defense>180</defense>
<damage_rate>365</damage_rate>
<defense_rate>110</defense_rate>
<attribute>none</attribute>
</monster>

<monster name="illusion_of_kundun">
<level>81</level>
<hp>14000</hp>
<damage>360</damage>
<defense>255</defense>
<damage_rate>460</damage_rate>
<defense_rate>160</defense_rate>
<attribute>none</attribute>
</monster>


<!-- npc -->


<!-- spots -->
<spot id="spot14" x="0" y="0">
<encounter>aegis</encounter>
</spot>

<spot id="spot13" x="0" y="0">
<encounter>aegis</encounter>
<encounter>lord_centurion</encounter>
</spot>

<spot id="spot12" x="0" y="0">
<encounter>lord_centurion</encounter>
</spot>

<spot id="spot11" x="0" y="0">
<encounter>bloody_soldier</encounter>
<encounter>lord_centurion</encounter>
</spot>

<spot id="spot10" x="0" y="0">
<encounter>bloody_soldier</encounter>
</spot>

<spot id="spot9" x="0" y="0">
<encounter>bloody_soldier</encounter>
<encounter>death_angel</encounter>
</spot>

<spot id="spot8" x="0" y="0">
<encounter>death_angel</encounter>
</spot>

<spot id="spot7" x="0" y="0">
<encounter>necron</encounter>
<encounter>death_angel</encounter>
</spot>

<spot id="spot6" x="0" y="0">
<encounter>necron</encounter>
</spot>

<spot id="spot5" x="0" y="0">
<encounter>necron</encounter>
<encounter>death_centurion</encounter>
</spot>

<spot id="spot4" x="0" y="0">
<encounter>death_centurion</encounter>
</spot>

<spot id="spot3" x="0" y="0">
<encounter>schriker</encounter>
<encounter>death_centurion</encounter>
</spot>

<spot id="spot2" x="0" y="0">
<encounter>schriker</encounter>
</spot>

<spot id="spot1" x="0" y="0">
<encounter>illusion_of_kundun</encounter>
</spot>


</map>
