<?xml version="1.0" encoding="ISO-8859-1"?>

<map>

<!-- monster data -->
<monster name="aegis">
<level>17</level>
<hp>440</hp>
<damage>62</damage>
<defense>17</defense>
<damage_rate>75</damage_rate>
<defense_rate>17</defense_rate>
<attribute>water</attribute>
</monster>

<monster name="lord_centurion">
<level>19</level>
<hp>500</hp>
<damage>67</damage>
<defense>20</defense>
<damage_rate>80</damage_rate>
<defense_rate>18</defense_rate>
<attribute>none</attribute>
</monster>

<monster name="bloody_soldier">
<level>21</level>
<hp>600</hp>
<damage>77</damage>
<defense>25</defense>
<damage_rate>88</damage_rate>
<defense_rate>20</defense_rate>
<attribute>water</attribute>
</monster>

<monster name="death_angel">
<level>24</level>
<hp>740</hp>
<damage>87</damage>
<defense>30</defense>
<damage_rate>100</damage_rate>
<defense_rate>24</defense_rate>
<attribute>water</attribute>
</monster>

<monster name="necron">
<level>28</level>
<hp>900</hp>
<damage>102</damage>
<defense>38</defense>
<damage_rate>118</damage_rate>
<defense_rate>30</defense_rate>
<attribute>poison</attribute>
</monster>

<monster name="death_centurion">
<level>33</level>
<hp>1250</hp>
<damage>117</damage>
<defense>50</defense>
<damage_rate>145</damage_rate>
<defense_rate>39</defense_rate>
<attribute>none</attribute>
</monster>

<monster name="schriker">
<level>40</level>
<hp>1800</hp>
<damage>137</damage>
<defense>66</defense>
<damage_rate>180</damage_rate>
<defense_rate>50</defense_rate>
<attribute>none</attribute>
</monster>

<monster name="illusion_of_kundun">
<level>52</level>
<hp>3000</hp>
<damage>172</damage>
<defense>90</defense>
<damage_rate>255</damage_rate>
<defense_rate>70</defense_rate>
<attribute>none</attribute>
</monster>


<!-- npc -->


<!-- spots -->
<spot id="spot14" x="0" y="0">
<encounter>aegis</encounter>
</spot>

<spot id="spot13" x="0" y="0">
<encounter>aegis</encounter>
<encounter>lord_centurion</encounter>
</spot>

<spot id="spot12" x="0" y="0">
<encounter>lord_centurion</encounter>
</spot>

<spot id="spot11" x="0" y="0">
<encounter>bloody_soldier</encounter>
<encounter>lord_centurion</encounter>
</spot>

<spot id="spot10" x="0" y="0">
<encounter>bloody_soldier</encounter>
</spot>

<spot id="spot9" x="0" y="0">
<encounter>bloody_soldier</encounter>
<encounter>death_angel</encounter>
</spot>

<spot id="spot8" x="0" y="0">
<encounter>death_angel</encounter>
</spot>

<spot id="spot7" x="0" y="0">
<encounter>necron</encounter>
<encounter>death_angel</encounter>
</spot>

<spot id="spot6" x="0" y="0">
<encounter>necron</encounter>
</spot>

<spot id="spot5" x="0" y="0">
<encounter>necron</encounter>
<encounter>death_centurion</encounter>
</spot>

<spot id="spot4" x="0" y="0">
<encounter>death_centurion</encounter>
</spot>

<spot id="spot3" x="0" y="0">
<encounter>schriker</encounter>
<encounter>death_centurion</encounter>
</spot>

<spot id="spot2" x="0" y="0">
<encounter>schriker</encounter>
</spot>

<spot id="spot1" x="0" y="0">
<encounter>illusion_of_kundun</encounter>
</spot>


</map>
