<?xml version="1.0" encoding="ISO-8859-1"?>

<map>

<!-- monster data -->
<monster name="aegis">
<level>32</level>
<hp>1000</hp>
<damage>112</damage>
<defense>42</defense>
<damage_rate>135</damage_rate>
<defense_rate>33</defense_rate>
<attribute>water</attribute>
</monster>

<monster name="lord_centurion">
<level>34</level>
<hp>1200</hp>
<damage>119</damage>
<defense>45</defense>
<damage_rate>147</damage_rate>
<defense_rate>36</defense_rate>
<attribute>none</attribute>
</monster>

<monster name="bloody_soldier">
<level>37</level>
<hp>1400</hp>
<damage>127</damage>
<defense>50</defense>
<damage_rate>163</damage_rate>
<defense_rate>40</defense_rate>
<attribute>water</attribute>
</monster>

<monster name="death_angel">
<level>40</level>
<hp>1800</hp>
<damage>137</damage>
<defense>57</defense>
<damage_rate>182</damage_rate>
<defense_rate>45</defense_rate>
<attribute>water</attribute>
</monster>

<monster name="necron">
<level>44</level>
<hp>2300</hp>
<damage>147</damage>
<defense>68</defense>
<damage_rate>205</damage_rate>
<defense_rate>50</defense_rate>
<attribute>poison</attribute>
</monster>

<monster name="death_centurion">
<level>48</level>
<hp>3000</hp>
<damage>162</damage>
<defense>81</defense>
<damage_rate>235</damage_rate>
<defense_rate>58</defense_rate>
<attribute>none</attribute>
</monster>

<monster name="schriker">
<level>53</level>
<hp>3900</hp>
<damage>187</damage>
<defense>100</defense>
<damage_rate>275</damage_rate>
<defense_rate>67</defense_rate>
<attribute>none</attribute>
</monster>

<monster name="illusion_of_kundun">
<level>65</level>
<hp>6000</hp>
<damage>227</damage>
<defense>140</defense>
<damage_rate>355</damage_rate>
<defense_rate>100</defense_rate>
<attribute>none</attribute>
</monster>


<!-- npc -->


<!-- spots -->
<spot id="spot14" x="0" y="0">
<encounter>aegis</encounter>
</spot>

<spot id="spot13" x="0" y="0">
<encounter>aegis</encounter>
<encounter>lord_centurion</encounter>
</spot>

<spot id="spot12" x="0" y="0">
<encounter>lord_centurion</encounter>
</spot>

<spot id="spot11" x="0" y="0">
<encounter>bloody_soldier</encounter>
<encounter>lord_centurion</encounter>
</spot>

<spot id="spot10" x="0" y="0">
<encounter>bloody_soldier</encounter>
</spot>

<spot id="spot9" x="0" y="0">
<encounter>bloody_soldier</encounter>
<encounter>death_angel</encounter>
</spot>

<spot id="spot8" x="0" y="0">
<encounter>death_angel</encounter>
</spot>

<spot id="spot7" x="0" y="0">
<encounter>necron</encounter>
<encounter>death_angel</encounter>
</spot>

<spot id="spot6" x="0" y="0">
<encounter>necron</encounter>
</spot>

<spot id="spot5" x="0" y="0">
<encounter>necron</encounter>
<encounter>death_centurion</encounter>
</spot>

<spot id="spot4" x="0" y="0">
<encounter>death_centurion</encounter>
</spot>

<spot id="spot3" x="0" y="0">
<encounter>schriker</encounter>
<encounter>death_centurion</encounter>
</spot>

<spot id="spot2" x="0" y="0">
<encounter>schriker</encounter>
</spot>

<spot id="spot1" x="0" y="0">
<encounter>illusion_of_kundun</encounter>
</spot>


</map>
